TANLGAGAAQPLR    C52H90O17N18,M 0,M 1,M 2,M 3,M 4,M 5,M 6
Isotope=2H,1238,1239,1240,1241,1242,1243,
N= 33; Labels/N= 1,1238.673,1239.673,1240.673,1241.673,1242.673,1243.673,
0,0.50117876,0.33044433,0.12471536,0.03435065,0.00761008,0.00142747,0.00023397
0.002,0.4691379,0.34034869,0.13819158,0.04054942,0.00951045,0.0018805,0.0003239
0.004,0.43908725,0.34770664,0.15136976,0.04719227,0.01169108,0.0024316,0.00043919
0.006,0.41090682,0.35278837,0.16412187,0.05423081,0.01416056,0.00309199,0.00058454
0.008,0.38448362,0.35584144,0.17634258,0.06161258,0.016924,0.00387267,0.00076502
0.01,0.3597113,0.35709246,0.18794674,0.06928255,0.01998311,0.00478422,0.00098603
0.012,0.33648974,0.35674862,0.19886705,0.07718428,0.02333621,0.00583661,0.00125327
0.014,0.31472472,0.35499916,0.20905199,0.08526104,0.0269784,0.00703907,0.00157268
0.016,0.29432754,0.35201673,0.21846393,0.09345665,0.03090173,0.00839993,0.00195038
0.018,0.27521478,0.34795863,0.2270774,0.10171623,0.03509541,0.00992653,0.00239258
0.02,0.25730792,0.34296798,0.23487754,0.10998682,0.03954607,0.01162508,0.00290559
0.022,0.24053311,0.33717484,0.24185868,0.1182178,0.04423802,0.01350063,0.00349565
0.024,0.22482088,0.33069719,0.24802309,0.12636132,0.04915354,0.01555694,0.00416894
0.026,0.21010589,0.32364191,0.25337984,0.1343726,0.0542731,0.0177965,0.00493149
0.028,0.19632672,0.31610562,0.25794374,0.14221007,0.05957573,0.02022047,0.00578911
0.03,0.18342558,0.30817552,0.26173446,0.14983557,0.0650392,0.02282868,0.00674732
0.032,0.17134816,0.29993015,0.26477568,0.15721443,0.07064037,0.02561964,0.00781129
0.034,0.16004342,0.29144006,0.26709439,0.16431547,0.07635538,0.02859055,0.00898581
0.036,0.14946337,0.28276851,0.26872018,0.171111,0.08215995,0.03173735,0.0102752
0.038,0.13956292,0.27397205,0.26968469,0.17757678,0.08802955,0.03505477,0.01168328
0.04,0.13029968,0.26510106,0.27002111,0.18369195,0.09393969,0.03853636,0.01321333
0.042,0.12163385,0.25620031,0.26976371,0.18943888,0.09986603,0.04217459,0.01486807
0.044,0.11352803,0.24730943,0.26894743,0.19480312,0.10578464,0.04596091,0.01664957
0.046,0.10594709,0.23846332,0.26760756,0.19977318,0.11167211,0.0498858,0.01855929
0.048,0.09885803,0.22969262,0.26577943,0.20434043,0.11750573,0.05393892,0.02059805
0.05,0.09222988,0.22102405,0.26349814,0.20849894,0.1232636,0.05810915,0.02276596
0.052,0.08603354,0.21248076,0.26079832,0.21224527,0.12892475,0.06238469,0.02506248
0.054,0.08024171,0.20408267,0.25771399,0.21557835,0.13446924,0.06675316,0.0274864
0.056,0.07482875,0.1958468,0.25427835,0.21849925,0.13987823,0.07120168,0.03003582
0.058,0.0697706,0.18778746,0.25052368,0.22101106,0.14513407,0.07571699,0.03270818
0.06,0.06504469,0.17991659,0.24648122,0.2231187,0.15022034,0.08028553,0.03550027
0.062,0.06062983,0.17224396,0.24218105,0.22482873,0.15512187,0.08489352,0.03840824
0.064,0.05650614,0.16477737,0.23765209,0.2261492,0.15982481,0.08952704,0.04142763
0.066,0.05265499,0.15752289,0.23292199,0.22708952,0.16431662,0.09417216,0.04455341
0.068,0.0490589,0.15048499,0.22801712,0.22766026,0.16858607,0.09881495,0.04777998
0.07,0.04570145,0.14366674,0.22296252,0.22787301,0.17262327,0.10344165,0.05110122
0.072,0.04256728,0.13706998,0.21778194,0.22774027,0.17641961,0.10803865,0.05451052
0.074,0.03964197,0.1306954,0.21249777,0.2272753,0.17996779,0.11259262,0.05800084
0.076,0.03691201,0.12454273,0.20713113,0.22649196,0.18326176,0.11709053,0.06156471
0.078,0.03436474,0.11861082,0.20170178,0.22540467,0.18629671,0.12151976,0.06519432
0.08,0.03198829,0.11289777,0.19622825,0.2240282,0.18906899,0.12586811,0.0688815
0.082,0.02977153,0.10740099,0.1907278,0.22237765,0.19157612,0.13012386,0.07261783
0.084,0.02770405,0.10211734,0.18521645,0.22046832,0.19381673,0.13427582,0.07639465
0.086,0.02577609,0.09704317,0.17970906,0.2183156,0.19579047,0.13831337,0.08020309
0.088,0.02397852,0.09217442,0.17421933,0.21593493,0.19749801,0.14222646,0.08403417
0.09,0.02230276,0.08750666,0.16875983,0.2133417,0.19894094,0.1460057,0.08787876
0.092,0.02074081,0.08303517,0.16334211,0.21055117,0.20012176,0.14964232,0.09172772
0.094,0.01928516,0.07875498,0.15797666,0.20757846,0.20104379,0.15312824,0.09557186
0.096,0.01792879,0.07466094,0.152673,0.20443843,0.2017111,0.15645602,0.09940202
0.098,0.01666512,0.07074775,0.14743975,0.20114568,0.20212849,0.15961896,0.10320911
0.1,0.015488,0.06700998,0.14228459,0.19771446,0.20230141,0.16261101,0.10698415
,,,,,,,
LGPLVEQGR    C42H73O13N13,,,,,,,
Isotope=2H,967,968,969,970,971,972,
N= 20; Labels/N= 1,967.545,968.545,969.545,970.545,971.545,972.545,
0,0.57659982,0.30368373,0.09377865,0.02131678,0.00391585,0.00061053,0.00008326
0.002,0.55396883,0.31397106,0.10221309,0.02431765,0.00465398,0.00075371,0.00010655
0.004,0.53218334,0.32304276,0.11069621,0.02752249,0.00548008,0.00092057,0.0001347
0.006,0.51121336,0.3309715,0.11918427,0.03092513,0.00639816,0.00111346,0.00016841
0.008,0.49102991,0.33782648,0.12763737,0.0345182,0.0074119,0.00133475,0.00020846
0.01,0.471605,0.34367363,0.13601924,0.03829326,0.00852458,0.00158689,0.00025564
0.012,0.45291155,0.34857573,0.14429706,0.04224098,0.00973908,0.00187233,0.00031082
0.014,0.43492343,0.35259251,0.15244117,0.04635126,0.01105788,0.00219354,0.00037494
0.016,0.41761537,0.35578083,0.16042494,0.05061334,0.012483,0.00255298,0.00044895
0.018,0.40096297,0.35819474,0.16822458,0.05501593,0.01401604,0.00295311,0.00053389
0.02,0.38494264,0.35988564,0.17581891,0.05954734,0.01565817,0.00339634,0.00063082
0.022,0.36953162,0.36090238,0.18318924,0.06419553,0.01741011,0.00388505,0.00074087
0.024,0.3547079,0.36129136,0.19031918,0.06894824,0.01927216,0.00442157,0.0008652
0.026,0.34045024,0.36109665,0.1971945,0.07379307,0.02124416,0.00500816,0.00100501
0.028,0.32673812,0.36036006,0.20380299,0.07871752,0.02332558,0.00564698,0.00116153
0.03,0.31355172,0.35912127,0.2101343,0.08370909,0.02551542,0.00634013,0.00133605
0.032,0.30087192,0.35741791,0.21617983,0.08875535,0.02781234,0.00708959,0.00152985
0.034,0.28868022,0.35528563,0.2219326,0.09384396,0.03021458,0.00789724,0.00174427
0.036,0.27695881,0.35275821,0.22738712,0.09896275,0.03272003,0.00876483,0.00198065
0.038,0.26569045,0.34986764,0.23253929,0.10409977,0.03532622,0.00969399,0.00224036
0.04,0.25485853,0.34664419,0.23738631,0.10924331,0.03803035,0.01068622,0.00252477
0.042,0.24444699,0.34311649,0.24192654,0.11438192,0.04082929,0.01174286,0.00283526
0.044,0.23444034,0.33931159,0.24615945,0.11950451,0.04371965,0.01286512,0.00317321
0.046,0.22482365,0.33525507,0.2500855,0.1246003,0.04669772,0.01405404,0.00354002
0.048,0.21558248,0.33097105,0.25370607,0.12965888,0.04975955,0.01531051,0.00393705
0.05,0.20670292,0.32648231,0.25702336,0.13467026,0.05290097,0.01663527,0.00436567
0.052,0.19817153,0.32181031,0.26004037,0.1396248,0.05611756,0.01802887,0.00482721
0.054,0.18997534,0.31697526,0.26276076,0.14451334,0.05940473,0.01949171,0.00532302
0.056,0.18210186,0.31199622,0.26518882,0.14932709,0.06275769,0.021024,0.00585438
0.058,0.17453903,0.30689108,0.26732942,0.15405775,0.06617151,0.02262581,0.00642256
0.06,0.16727521,0.30167668,0.26918792,0.15869744,0.06964113,0.02429702,0.00702879
0.062,0.16029917,0.29636882,0.27077013,0.16323873,0.07316133,0.02603733,0.00767425
0.064,0.15360009,0.29098232,0.27208228,0.16767466,0.07672683,0.02784629,0.0083601
0.066,0.14716754,0.28553107,0.27313092,0.1719987,0.08033227,0.02972328,0.00908743
0.068,0.14099144,0.28002809,0.27392292,0.17620479,0.08397219,0.03166749,0.00985729
0.07,0.13506209,0.27448554,0.27446542,0.18028731,0.08764113,0.03367798,0.01067065
0.072,0.12937013,0.26891477,0.27476576,0.18424109,0.09133356,0.03575363,0.01152844
0.074,0.12390654,0.2633264,0.2748315,0.18806139,0.09504397,0.03789316,0.01243152
0.076,0.11866262,0.25773029,0.27467032,0.19174392,0.09876684,0.04009515,0.01338068
0.078,0.11362998,0.25213563,0.27429004,0.19528479,0.10249665,0.04235801,0.01437665
0.08,0.10880054,0.24655095,0.27369856,0.19868055,0.10622796,0.04468004,0.01542007
0.082,0.10416651,0.24098416,0.27290385,0.20192815,0.10995532,0.04705936,0.0165115
0.084,0.09972039,0.23544259,0.27191391,0.20502493,0.11367338,0.04949399,0.01765145
0.086,0.09545494,0.229933,0.27073676,0.20796863,0.11737685,0.05198182,0.01884032
0.088,0.09136319,0.22446163,0.26938041,0.21075736,0.12106051,0.05452059,0.02007844
0.09,0.08743843,0.21903421,0.26785285,0.21338958,0.12471926,0.05710795,0.02136605
0.092,0.08367418,0.21365601,0.266162,0.21586412,0.12834808,0.05974144,0.0227033
0.094,0.08006422,0.20833183,0.26431576,0.21818014,0.13194208,0.06241848,0.02409026
0.096,0.07660253,0.20306606,0.2623219,0.22033714,0.13549648,0.06513642,0.0255269
0.098,0.07328334,0.19786269,0.26018814,0.22233491,0.13900664,0.06789251,0.02701312
0.1,0.07010108,0.19272533,0.25792207,0.22417356,0.14246806,0.0706839,0.0285487
,,,,,,,
LGADmEDLR    C41H70O17N12S1,,,,,,,
Isotope=2H,1034,1035,1036,1037,1038,1039,
N= 20; Labels/N= 1,1034.47,1035.47,1036.47,1037.47,1038.47,1039.47,
0,0.55075392,0.28694954,0.11692924,0.03476451,0.0084499,0.00172874,0.00030766
0.002,0.52913736,0.29689826,0.12379176,0.03811677,0.00954468,0.00201263,0.00036862
0.004,0.50832839,0.30568128,0.13074988,0.04160193,0.01072603,0.00232825,0.00043843
0.006,0.48829838,0.31336814,0.13775992,0.04521801,0.01199556,0.00267758,0.00051793
0.008,0.46901965,0.32002512,0.14478193,0.04896167,0.01335475,0.00306256,0.000608
0.01,0.45046545,0.32571534,0.15177952,0.0528284,0.0148049,0.00348514,0.00070955
0.012,0.43260994,0.3304989,0.15871961,0.05681262,0.01634712,0.00394723,0.00082354
0.014,0.41542813,0.33443302,0.16557226,0.06090786,0.01798227,0.00445071,0.00095094
0.016,0.39889589,0.33757213,0.17231045,0.06510688,0.01971097,0.00499744,0.00109277
0.018,0.38298993,0.33996799,0.17890992,0.06940175,0.02153356,0.00558922,0.00125006
0.02,0.36768771,0.34166983,0.18534899,0.07378402,0.02345011,0.00622781,0.00142389
0.022,0.35296748,0.34272443,0.19160839,0.07824476,0.02546039,0.00691491,0.00161533
0.024,0.33880823,0.34317623,0.19767112,0.0827747,0.02756388,0.00765216,0.00182551
0.026,0.32518967,0.34306744,0.20352226,0.08736429,0.02975976,0.00844111,0.00205555
0.028,0.31209219,0.3424381,0.20914891,0.09200379,0.03204691,0.00928326,0.00230659
0.03,0.29949687,0.34132623,0.21453996,0.09668331,0.03442392,0.01017999,0.00257979
0.032,0.28738543,0.33976787,0.21968603,0.10139294,0.03688909,0.01113262,0.00287632
0.034,0.27574023,0.33779717,0.22457933,0.10612272,0.03944043,0.01214234,0.00319734
0.036,0.26454422,0.3354465,0.22921354,0.11086278,0.04207568,0.01321026,0.00354405
0.038,0.25378096,0.33274651,0.23358372,0.11560335,0.04479231,0.01433736,0.0039176
0.04,0.24343457,0.32972619,0.23768616,0.12033476,0.04758755,0.01552451,0.00431916
0.042,0.23348973,0.32641298,0.24151836,0.12504758,0.05045836,0.01677246,0.00474991
0.044,0.22393163,0.32283282,0.24507888,0.12973256,0.05340149,0.01808183,0.00521099
0.046,0.214746,0.31901019,0.24836726,0.1343807,0.05641349,0.01945311,0.00570354
0.048,0.20591907,0.31496824,0.25138398,0.13898329,0.05949067,0.02088666,0.00622867
0.05,0.19743753,0.31072877,0.25413031,0.14353189,0.06262918,0.02238271,0.00678747
0.052,0.18928855,0.30631238,0.25660831,0.14801841,0.065825,0.02394135,0.00738103
0.054,0.18145976,0.30173844,0.25882073,0.15243507,0.06907395,0.02556251,0.00801036
0.056,0.17393921,0.2970252,0.26077094,0.15677444,0.07237171,0.02724601,0.00867649
0.058,0.16671537,0.29218985,0.26246288,0.16102946,0.07571383,0.02899151,0.00938038
0.06,0.15977715,0.28724851,0.26390099,0.16519343,0.07909577,0.03079854,0.01012295
0.062,0.15311381,0.28221633,0.26509018,0.16926003,0.08251288,0.03266647,0.01090509
0.064,0.14671502,0.27710755,0.26603576,0.17322332,0.08596044,0.03459456,0.01172764
0.066,0.1405708,0.27193548,0.26674341,0.17707775,0.08943367,0.03658192,0.01259139
0.068,0.13467155,0.2667126,0.26721909,0.18081813,0.09292775,0.0386275,0.01349706
0.07,0.12900798,0.2614506,0.26746908,0.18443969,0.0964378,0.04073015,0.01444534
0.072,0.12357116,0.25616036,0.26749986,0.18793803,0.09995897,0.04288857,0.01543684
0.074,0.11835247,0.25085206,0.26731813,0.19130911,0.10348635,0.04510133,0.01647212
0.076,0.11334361,0.24553518,0.26693075,0.19454929,0.10701509,0.0473669,0.01755168
0.078,0.10853655,0.24021854,0.2663447,0.19765529,0.11054032,0.04968358,0.01867594
0.08,0.10392359,0.23491034,0.26556709,0.20062421,0.11405724,0.05204961,0.01984526
0.082,0.09949728,0.22961817,0.26460508,0.20345348,0.11756106,0.05446307,0.02105993
0.084,0.09525046,0.22434907,0.26346591,0.20614091,0.12104708,0.05692196,0.02232016
0.086,0.09117621,0.21910954,0.26215684,0.20868462,0.12451064,0.05942417,0.0236261
0.088,0.08726787,0.21390558,0.26068513,0.21108308,0.12794719,0.06196749,0.02497781
0.09,0.08351903,0.20874269,0.25905804,0.2133351,0.13135223,0.06454962,0.02637528
0.092,0.07992351,0.20362594,0.2572828,0.21543975,0.13472138,0.06716816,0.02781843
0.094,0.07647536,0.19855996,0.25536658,0.21739646,0.13805035,0.06982065,0.02930709
0.096,0.07316885,0.19354897,0.25331651,0.21920491,0.14133499,0.07250454,0.03084102
0.098,0.06999844,0.18859681,0.25113963,0.22086508,0.14457122,0.07521721,0.03241989
0.1,0.06695882,0.18370696,0.24884291,0.22237721,0.14775514,0.07795598,0.03404331
,,,,,,,
NEVHTMLGQSTEEIR    C71H118O27N22S1,,,,,,,
Isotope=2H,1742,1743,1744,1745,1746,1747,
N= 32; Labels/N= 1,1742.826,1743.826,1744.826,1745.826,1746.826,1747.826,
0,0.37029813,0.33306379,0.18501687,0.07646887,0.02557963,0.0072409,0.0017858
0.002,0.34731924,0.33467193,0.19426072,0.08348686,0.02894903,0.00847959,0.00216107
0.004,0.32572445,0.33483879,0.20300288,0.09062501,0.03254181,0.00985298,0.00259213
0.006,0.30543291,0.33372721,0.21119286,0.09784559,0.03635093,0.01136608,0.00308374
0.008,0.28636836,0.33148639,0.2187919,0.10511046,0.04036764,0.01302316,0.00364062
0.01,0.26845887,0.32825282,0.22577158,0.11238168,0.04458149,0.01482773,0.00426749
0.012,0.25163657,0.32415124,0.23211263,0.11962204,0.04898049,0.01678246,0.00496895
0.014,0.23583747,0.31929553,0.23780373,0.12679551,0.05355125,0.01888917,0.00574949
0.016,0.22100122,0.31378948,0.24284054,0.1338676,0.0582791,0.02114879,0.00661343
0.018,0.20707093,0.30772753,0.24722476,0.14080563,0.06314827,0.02356133,0.00756489
0.02,0.19399295,0.30119554,0.25096328,0.14757896,0.06814205,0.02612588,0.00860772
0.022,0.18171672,0.29427139,0.25406742,0.15415915,0.07324293,0.02884065,0.00974552
0.024,0.17019457,0.28702559,0.25655226,0.16052009,0.07843283,0.0317029,0.01098154
0.026,0.15938159,0.27952189,0.25843601,0.16663807,0.08369319,0.03470902,0.01231871
0.028,0.14923545,0.27181777,0.2597395,0.17249181,0.0890052,0.03785453,0.01375954
0.03,0.13971628,0.26396496,0.26048562,0.17806246,0.09434988,0.04113413,0.01530618
0.032,0.13078651,0.25600988,0.26069896,0.18333363,0.09970829,0.04454171,0.0169603
0.034,0.12241075,0.24799407,0.26040534,0.18829126,0.10506162,0.04807044,0.01872314
0.036,0.11455568,0.2399546,0.25963154,0.19292365,0.11039132,0.05171276,0.02059549
0.038,0.10718989,0.23192442,0.25840494,0.19722132,0.11567925,0.0554605,0.02257763
0.04,0.10028385,0.22393273,0.25675326,0.20117694,0.12090776,0.05930488,0.02466936
0.042,0.09380971,0.21600524,0.25470437,0.20478525,0.12605977,0.0632366,0.02686999
0.044,0.0877413,0.20816455,0.252286,0.20804291,0.13111889,0.0672459,0.0291783
0.046,0.08205395,0.20043035,0.24952565,0.21094842,0.13606946,0.07132262,0.03159261
0.048,0.07672447,0.19281969,0.24645039,0.213502,0.14089663,0.07545626,0.03411074
0.05,0.071731,0.18534724,0.24308673,0.21570546,0.14558643,0.07963606,0.03672999
0.052,0.06705302,0.17802548,0.23946053,0.21756208,0.15012576,0.08385104,0.03944723
0.054,0.06267118,0.1708649,0.23559689,0.21907649,0.1545025,0.08809007,0.04225885
0.056,0.05856732,0.16387422,0.23152009,0.22025457,0.15870547,0.09234196,0.04516078
0.058,0.05472433,0.15706051,0.22725352,0.2211033,0.16272449,0.09659548,0.04814855
0.06,0.05112612,0.15042938,0.22281965,0.22163068,0.16655037,0.10083943,0.05121727
0.062,0.04775758,0.14398512,0.21823997,0.22184558,0.17017492,0.10506271,0.05436169
0.064,0.0446045,0.13773081,0.21353498,0.22175769,0.17359095,0.10925436,0.05757618
0.066,0.04165351,0.1316685,0.20872417,0.22137734,0.17679226,0.11340362,0.0608548
0.068,0.03889204,0.12579925,0.20382602,0.22071549,0.17977361,0.11749996,0.06419132
0.07,0.0363083,0.1201233,0.19885798,0.21978356,0.18253074,0.12153312,0.0675792
0.072,0.03389119,0.11464011,0.19383652,0.21859339,0.18506031,0.1254932,0.07101172
0.074,0.03163028,0.10934849,0.18877707,0.21715714,0.18735987,0.12937061,0.0744819
0.076,0.0295158,0.10424666,0.18369412,0.2154872,0.18942786,0.13315621,0.07798261
0.078,0.02753855,0.09933232,0.17860117,0.21359617,0.19126356,0.13684123,0.08150659
0.08,0.02568988,0.09460272,0.17351078,0.2114967,0.19286705,0.14041738,0.08504643
0.082,0.02396168,0.09005475,0.16843462,0.20920151,0.19423917,0.14387683,0.08859467
0.084,0.02234635,0.08568494,0.16338343,0.2067233,0.19538151,0.14721224,0.09214379
0.086,0.02083674,0.08148954,0.15836714,0.2040747,0.19629632,0.1504168,0.09568626
0.088,0.01942613,0.07746459,0.15339484,0.20126821,0.1969865,0.15348418,0.09921456
0.09,0.01810823,0.07360592,0.14847482,0.19831618,0.19745555,0.15640862,0.1027212
0.092,0.01687713,0.06990921,0.14361461,0.19523076,0.19770754,0.15918486,0.10619879
0.094,0.01572729,0.06637001,0.13882103,0.19202384,0.19774704,0.16180823,0.10964001
0.096,0.0146535,0.06298378,0.1341002,0.18870706,0.19757909,0.16427455,0.11303769
0.098,0.01365088,0.05974593,0.12945758,0.18529177,0.19720918,0.16658021,0.11638477
0.1,0.01271487,0.05665183,0.12489803,0.18178897,0.19664317,0.16872214,0.11967442
,,,,,,,
LQAEIFQAR    C48H78O14N14,,,,,,,
Isotope=2H,1074,1075,1076,1077,1078,1079,
N= 25; Labels/N= 1,1074.582,1075.582,1076.582,1077.582,1078.582,1079.582,
0,0.53621746,0.32045178,0.10949054,0.02728998,0.00546658,0.00092622,0.00013696
0.002,0.51004029,0.33036501,0.12002944,0.03155048,0.00663073,0.00117458,0.00018114
0.004,0.48509234,0.33861027,0.13050242,0.03610469,0.00794669,0.00146919,0.00023588
0.006,0.46131817,0.3453171,0.14083982,0.04093498,0.0094205,0.00181494,0.00030289
0.008,0.43866477,0.35060707,0.15098046,0.04602166,0.01105718,0.00221673,0.00038402
0.01,0.4170814,0.35459426,0.16087094,0.05134331,0.01286063,0.00267946,0.00048123
0.012,0.39651952,0.35738559,0.17046501,0.05687728,0.01483362,0.00320799,0.00059663
0.014,0.37693271,0.35908129,0.17972303,0.06259995,0.01697783,0.00380705,0.00073244
0.016,0.35827657,0.35977518,0.18861137,0.06848706,0.01929382,0.00448124,0.00089099
0.018,0.34050865,0.3595551,0.19710191,0.07451399,0.02178104,0.00523496,0.00107471
0.02,0.32358833,0.35850319,0.20517157,0.080656,0.02443793,0.00607241,0.0012861
0.022,0.30747678,0.35669621,0.21280186,0.08688846,0.02726187,0.00699751,0.00152775
0.024,0.29213689,0.35420585,0.21997846,0.09318699,0.0302493,0.00801391,0.00180231
0.026,0.27753316,0.35109903,0.22669081,0.09952768,0.03339575,0.00912493,0.00211246
0.028,0.26363167,0.34743815,0.23293182,0.10588718,0.03669585,0.01033355,0.00246092
0.03,0.25039999,0.34328132,0.23869744,0.11224288,0.04014348,0.01164238,0.00285041
0.032,0.23780714,0.33868268,0.24398641,0.11857293,0.04373177,0.01305367,0.00328367
0.034,0.22582349,0.33369255,0.24879997,0.12485642,0.04745315,0.01456924,0.0037634
0.036,0.21442074,0.3283577,0.25314156,0.13107338,0.05129949,0.01619053,0.00429227
0.038,0.20357186,0.32272154,0.25701659,0.13720486,0.0552621,0.01791852,0.00487291
0.04,0.19325101,0.31682432,0.26043221,0.14323298,0.05933181,0.01975381,0.00550788
0.042,0.18343351,0.3107033,0.26339711,0.14914094,0.06349905,0.02169653,0.00619964
0.044,0.17409579,0.30439299,0.26592128,0.15491309,0.06775391,0.0237464,0.00695058
0.046,0.16521532,0.29792521,0.26801591,0.16053487,0.0720862,0.02590273,0.00776297
0.048,0.15677062,0.29132937,0.26969312,0.16599288,0.07648549,0.02816438,0.00863895
0.05,0.14874113,0.28463254,0.27096591,0.17127485,0.08094122,0.03052979,0.00958052
0.052,0.14110727,0.27785959,0.27184794,0.17636962,0.08544269,0.03299703,0.01058955
0.054,0.1338503,0.27103339,0.27235346,0.18126716,0.08997916,0.03556375,0.01166772
0.056,0.12695237,0.26417488,0.27249716,0.18595851,0.09453991,0.03822722,0.01281656
0.058,0.12039641,0.25730321,0.27229406,0.19043577,0.09911422,0.04098436,0.01403742
0.06,0.11416613,0.25043586,0.27175944,0.19469209,0.10369151,0.04383171,0.01533145
0.062,0.10824601,0.24358873,0.27090875,0.19872162,0.1082613,0.04676551,0.01669959
0.064,0.10262122,0.23677627,0.26975749,0.20251948,0.11281329,0.04978168,0.01814262
0.066,0.0972776,0.23001155,0.26832118,0.20608172,0.11733741,0.05287582,0.01966106
0.068,0.09220166,0.22330637,0.2666153,0.20940529,0.1218238,0.0560433,0.02125525
0.07,0.08738053,0.21667132,0.26465519,0.212488,0.1262629,0.0592792,0.02292529
0.072,0.08280191,0.2101159,0.26245604,0.21532848,0.13064543,0.0625784,0.02467108
0.074,0.0784541,0.20364857,0.26003283,0.21792612,0.13496246,0.06593554,0.02649228
0.076,0.07432591,0.19727681,0.25740026,0.22028107,0.13920538,0.06934511,0.02838835
0.078,0.0704067,0.19100723,0.25457279,0.22239415,0.14336598,0.07280142,0.0303585
0.08,0.0666863,0.1848456,0.25156452,0.22426684,0.1474364,0.07629863,0.03240173
0.082,0.06315504,0.17879691,0.24838923,0.22590123,0.15140921,0.0798308,0.03451684
0.084,0.05980366,0.17286545,0.24506034,0.22729997,0.15527737,0.08339189,0.03670239
0.086,0.05662339,0.16705484,0.24159086,0.22846626,0.15903425,0.08697578,0.03895674
0.088,0.05360582,0.16136811,0.23799341,0.22940376,0.16267369,0.0905763,0.04127805
0.09,0.05074296,0.1558077,0.2342802,0.2301166,0.16618992,0.09418726,0.04366426
0.092,0.04802719,0.15037554,0.23046303,0.23060931,0.16957762,0.09780245,0.04611313
0.094,0.04545126,0.14507309,0.22655324,0.2308868,0.17283192,0.10141568,0.04862223
0.096,0.04300824,0.13990138,0.22256176,0.23095431,0.17594837,0.10502077,0.05118894
0.098,0.04069156,0.13486102,0.21849906,0.23081738,0.17892297,0.1086116,0.05381049
0.1,0.03849494,0.12995225,0.21437519,0.23048184,0.18175214,0.11218212,0.05648393
